{
  "wifi": [
    0.17669288904623712,
    0.1766727482645915,
    0.1765487677992466,
    0.17657415057888518,
    0.17688043678957474,
    0.17707256001770527,
    0.1767351359575293,
    0.17653130893599525,
    0.17669393997399493,
    0.17705980571343008,
    0.1772047673462822,
    0.17683904413106322,
    0.17663017063080946,
    0.17655934012069818,
    0.17705706043323938,
    0.17683336009223352,
    0.17627177391210766,
    0.17675189853962425,
    0.17649361348231382,
    0.17675916448715576,
    0.17676508845619543,
    0.17676957194920911,
    0.17677697690975983,
    0.17679801483970298,
    0.176851468751841,
    0.17680457895987994,
    0.176709033290149,
    0.17674003842027816,
    0.17676096713803172,
    0.17711277687276267,
    0.1772987082267453,
    0.17660095647538585
  ],
  "zigbee": [
    0.08557460129681267,
    0.08612601349790723,
    0.08898316666826403,
    0.1078419631511994,
    0.13328002102377498,
    0.13379517511996658,
    0.13933836377493955,
    0.1521649140357895,
    0.1799576845749729,
    0.18406574454917635,
    0.1786310489422456,
    0.16380957679683658,
    0.18214895554952978,
    0.1913963101482237,
    0.19553649207585122,
    0.21228520525729982,
    0.22001065593590588,
    0.2058141339168299,
    0.19581679959263507,
    0.20569831386773849,
    0.19347146177264274,
    0.20058777600399977,
    0.19781034288541438,
    0.2237900298623315,
    0.22798418134801599,
    0.2073867162694542,
    0.19821629720524783,
    0.20434799621292335,
    0.1740383733950405,
    0.15776854651790773,
    0.1483965861247861,
    0.13351421891633014
  ],
  "bluetooth": [
    0.04180497119046938,
    0.04046778370145249,
    0.0416588506565453,
    0.05097321586638624,
    0.07363653442363854,
    0.08697543358408559,
    0.09435583866658219,
    0.1387029021253177,
    0.14713459866352144,
    0.1663442581761171,
    0.17932290432249595,
    0.18596672745857448,
    0.20323507767978943,
    0.2038641932918332,
    0.20480366992964166,
    0.22285652634122416,
    0.23102022823221793,
    0.23095763642685033,
    0.23538651269254204,
    0.24661176767425683,
    0.2474481323870014,
    0.23123021803539653,
    0.23305727403274265,
    0.24657509041301556,
    0.23415689951093918,
    0.20769533289036246,
    0.18958493490191422,
    0.16461797980312864,
    0.1356534259665793,
    0.1269663664225779,
    0.084861106307965,
    0.07167579482062739
  ],
  "cordless": [
    0.10195658660394825,
    0.10136639099404007,
    0.10787812586604931,
    0.12269126489898918,
    0.13690836838033343,
    0.14742172194608644,
    0.16203190786519742,
    0.18060345541243253,
    0.18083812407613414,
    0.1809888535418049,
    0.18139379876277775,
    0.18803269316671625,
    0.19456648400601712,
    0.19058814393255047,
    0.20179842763966843,
    0.2135754963020885,
    0.2129855676483092,
    0.21132255316963997,
    0.21755741470086354,
    0.21748686227319472,
    0.21723187129592872,
    0.21725986339991846,
    0.20850768792234192,
    0.20011386805640494,
    0.19536212863700358,
    0.1898121633282894,
    0.18091248157833204,
    0.16800291860372815,
    0.15350395699468702,
    0.12848444258384042,
    0.11097620311238789,
    0.09461638883241492
  ]
}