{
  "wifi": [
    0.1767636584832731,
    0.1767409740937726,
    0.17671828970427209,
    0.17669560531477152,
    0.17665084817371904,
    0.1765884328314251,
    0.17652601748913108,
    0.1764828170960417,
    0.17659333629658938,
    0.17670385549713707,
    0.17681437469768463,
    0.17684699071995919,
    0.17684065515309713,
    0.17683431958623505,
    0.17682198730478565,
    0.17678866652228062,
    0.17675534573977564,
    0.17672202495727057,
    0.17676160342961525,
    0.17682201026048844,
    0.17688241709136165,
    0.1769162033371551,
    0.17689674841278913,
    0.1768772934884231,
    0.1768578385640571,
    0.1768510457843463,
    0.17684583577271729,
    0.1768406257610884,
    0.17684129982847382,
    0.17684932899462735,
    0.17685735816078074,
    0.17686538732693421
  ],
  "zigbee": [
    0.17926441403093826,
    0.1870841180535051,
    0.17148560239179214,
    0.16973341011386328,
    0.15968496367624016,
    0.1799348720827324,
    0.1823322768384473,
    0.18103478567006356,
    0.18650228860375434,
    0.1970859254854689,
    0.1988047233489267,
    0.1813032651709663,
    0.18294895231357633,
    0.17100186238594509,
    0.17922149376073132,
    0.1741849883305276,
    0.176253346511826,
    0.17632856197960306,
    0.17607968238579436,
    0.1656993768998599,
    0.17007639399223418,
    0.16352548143806353,
    0.1665630379665314,
    0.17353620965263872,
    0.17616824349278318,
    0.16837454962740248,
    0.17671989571875996,
    0.1762620162338939,
    0.17172070185011185,
    0.17563987889624263,
    0.18139519313661553,
    0.174621550573505
  ],
  "bluetooth": [
    0.17718834749418844,
    0.17712239986136874,
    0.1910515603322251,
    0.18564616606083936,
    0.18519349248832176,
    0.18449690274066607,
    0.16910975902576794,
    0.17668588551387723,
    0.1799990535182384,
    0.17368938993571753,
    0.17841829932620595,
    0.15086547221883498,
    0.17219453272638144,
    0.17268407971843694,
    0.18304758668753865,
    0.18310144387231292,
    0.18133652249396912,
    0.18753514936871593,
    0.18898101968010284,
    0.18082502249690255,
    0.17530230946931905,
    0.17786578848631737,
    0.1655159481154813,
    0.1727991736820405,
    0.1823874559129488,
    0.1840546328137459,
    0.17388485992942374,
    0.17233560522219787,
    0.1681508560777984,
    0.16725903016981342,
    0.17597619760042252,
    0.15514422894089253
  ],
  "cordless": [
    0.18011006800902946,
    0.165157218825932,
    0.1602175207986863,
    0.1885953428296195,
    0.1732888654837334,
    0.17806729420190445,
    0.1728370307661024,
    0.17684116127236538,
    0.16700725400557723,
    0.18160812334342158,
    0.17970933200654368,
    0.17312211112326645,
    0.16877710277919086,
    0.1663699431181406,
    0.17672089748994585,
    0.17382589198969997,
    0.19142484051154224,
    0.1869512928842559,
    0.18700554759576368,
    0.16973147651774387,
    0.16973277612749668,
    0.176953168500372,
    0.16814625263620947,
    0.1815395636063799,
    0.18870265372407388,
    0.17277063189442332,
    0.18342961317354384,
    0.1772780825379952,
    0.16917247298519453,
    0.1737106259944977,
    0.18412358262864442,
    0.18830586778188052
  ]
}